BR,3,5,3,1,0.7471
BR,3,5,3,2,0.7124
BR,3,5,3,3,0.7270
BR,3,5,3,4,0.5404
BR,3,5,3,5,0.7360
BR,3,5,3,6,0.7632
BR,3,5,3,7,0.5060
BR,3,5,3,8,0.6718
BR,3,5,3,9,0.7093
BR,3,5,3,10,0.7457
BR,4,5,3,1,0.7770
BR,4,5,3,2,0.7055
BR,4,5,3,3,0.6694
BR,4,5,3,4,0.5520
BR,4,5,3,5,0.6486
BR,4,5,3,6,0.6660
BR,4,5,3,7,0.5636
BR,4,5,3,8,0.7121
BR,4,5,3,9,0.6933
BR,4,5,3,10,0.7036
BR,5,5,3,1,0.7268
BR,5,5,3,2,0.5703
BR,5,5,3,3,0.5059
BR,5,5,3,4,0.7379
BR,5,5,3,5,0.6877
BR,5,5,3,6,0.6734
BR,5,5,3,7,0.6724
BR,5,5,3,8,0.6857
BR,5,5,3,9,0.6704
BR,5,5,3,10,0.6923
BR,6,5,3,1,0.5238
BR,6,5,3,2,0.5198
BR,6,5,3,3,0.6016
BR,6,5,3,4,0.5523
BR,6,5,3,5,0.4713
BR,6,5,3,6,0.6452
BR,6,5,3,7,0.5429
BR,6,5,3,8,0.5803
BR,6,5,3,9,0.6119
BR,6,5,3,10,0.4846
BR,7,5,3,1,0.5239
BR,7,5,3,2,0.5155
BR,7,5,3,3,0.5384
BR,7,5,3,4,0.3720
BR,7,5,3,5,0.5865
BR,7,5,3,6,0.5074
BR,7,5,3,7,0.5723
BR,7,5,3,8,0.4735
BR,7,5,3,9,0.5726
BR,7,5,3,10,0.5472
BR,8,5,3,1,0.4999
BR,8,5,3,2,0.5666
BR,8,5,3,3,0.5287
BR,8,5,3,4,0.5042
BR,8,5,3,5,0.4854
BR,8,5,3,6,0.5281
BR,8,5,3,7,0.4853
BR,8,5,3,8,0.5052
BR,8,5,3,9,0.3888
BR,8,5,3,10,0.5536
BR,9,5,3,1,0.4247
BR,9,5,3,2,0.4826
BR,9,5,3,3,0.4882
BR,9,5,3,4,0.5197
BR,9,5,3,5,0.4477
BR,9,5,3,6,0.5218
BR,9,5,3,7,0.4872
BR,9,5,3,8,0.5015
BR,9,5,3,9,0.5192
BR,9,5,3,10,0.5053
ECV,3,5,3,1,0.6641
ECV,3,5,3,2,0.8102
ECV,3,5,3,3,0.8670
ECV,3,5,3,4,0.7801
ECV,3,5,3,5,0.8545
ECV,3,5,3,6,0.7661
ECV,3,5,3,7,0.8042
ECV,3,5,3,8,0.8760
ECV,3,5,3,9,0.8697
ECV,3,5,3,10,0.8705
ECV,4,5,3,1,0.6670
ECV,4,5,3,2,0.7116
ECV,4,5,3,3,0.6513
ECV,4,5,3,4,0.8829
ECV,4,5,3,5,0.8996
ECV,4,5,3,6,0.6615
ECV,4,5,3,7,0.8752
ECV,4,5,3,8,0.7423
ECV,4,5,3,9,0.6415
ECV,4,5,3,10,0.6610
ECV,5,5,3,1,0.6037
ECV,5,5,3,2,0.6634
ECV,5,5,3,3,0.8043
ECV,5,5,3,4,0.6684
ECV,5,5,3,5,0.6181
ECV,5,5,3,6,0.7399
ECV,5,5,3,7,0.6892
ECV,5,5,3,8,0.6893
ECV,5,5,3,9,0.7488
ECV,5,5,3,10,0.6640
ECV,6,5,3,1,0.7719
ECV,6,5,3,2,0.7256
ECV,6,5,3,3,0.6560
ECV,6,5,3,4,0.6004
ECV,6,5,3,5,0.6160
ECV,6,5,3,6,0.7205
ECV,6,5,3,7,0.6607
ECV,6,5,3,8,0.6419
ECV,6,5,3,9,0.6168
ECV,6,5,3,10,0.8426
ECV,7,5,3,1,0.6112
ECV,7,5,3,2,0.6160
ECV,7,5,3,3,0.5952
ECV,7,5,3,4,0.5961
ECV,7,5,3,5,0.6131
ECV,7,5,3,6,0.5777
ECV,7,5,3,7,0.7372
ECV,7,5,3,8,0.8324
ECV,7,5,3,9,0.6054
ECV,7,5,3,10,0.6282
ECV,8,5,3,1,0.7073
ECV,8,5,3,2,0.6874
ECV,8,5,3,3,0.6726
ECV,8,5,3,4,0.6813
ECV,8,5,3,5,0.6394
ECV,8,5,3,6,0.5997
ECV,8,5,3,7,0.7540
ECV,8,5,3,8,0.7313
ECV,8,5,3,9,0.5538
ECV,8,5,3,10,0.7491
ECV,9,5,3,1,0.6853
ECV,9,5,3,2,0.5697
ECV,9,5,3,3,0.6391
ECV,9,5,3,4,0.5230
ECV,9,5,3,5,0.5833
ECV,9,5,3,6,0.6178
ECV,9,5,3,7,0.6383
ECV,9,5,3,8,0.5548
ECV,9,5,3,9,0.6056
ECV,9,5,3,10,0.5788
FF,3,5,3,1,0.9614
FF,3,5,3,2,0.8878
FF,3,5,3,3,0.9180
FF,3,5,3,4,0.9289
FF,3,5,3,5,0.8353
FF,3,5,3,6,0.8421
FF,3,5,3,7,0.7811
FF,3,5,3,8,0.8638
FF,3,5,3,9,0.8421
FF,3,5,3,10,0.8209
FF,4,5,3,1,0.8566
FF,4,5,3,2,0.9211
FF,4,5,3,3,0.7355
FF,4,5,3,4,0.8256
FF,4,5,3,5,0.8073
FF,4,5,3,6,0.7602
FF,4,5,3,7,0.7483
FF,4,5,3,8,0.7989
FF,4,5,3,9,0.8256
FF,4,5,3,10,0.8109
FF,5,5,3,1,0.7375
FF,5,5,3,2,0.7344
FF,5,5,3,3,0.7454
FF,5,5,3,4,0.7495
FF,5,5,3,5,0.7805
FF,5,5,3,6,0.7575
FF,5,5,3,7,0.7493
FF,5,5,3,8,0.7593
FF,5,5,3,9,0.7441
FF,5,5,3,10,0.7957
FF,6,5,3,1,0.7345
FF,6,5,3,2,0.7334
FF,6,5,3,3,0.8578
FF,6,5,3,4,0.8997
FF,6,5,3,5,0.7108
FF,6,5,3,6,0.8412
FF,6,5,3,7,0.7071
FF,6,5,3,8,0.7422
FF,6,5,3,9,0.8842
FF,6,5,3,10,0.7202
FF,7,5,3,1,0.7215
FF,7,5,3,2,0.7089
FF,7,5,3,3,0.6982
FF,7,5,3,4,0.7022
FF,7,5,3,5,0.6903
FF,7,5,3,6,0.7122
FF,7,5,3,7,0.7207
FF,7,5,3,8,0.7253
FF,7,5,3,9,0.6989
FF,7,5,3,10,0.8495
FF,8,5,3,1,0.7019
FF,8,5,3,2,0.6840
FF,8,5,3,3,0.8829
FF,8,5,3,4,0.6925
FF,8,5,3,5,0.6913
FF,8,5,3,6,0.7633
FF,8,5,3,7,0.7278
FF,8,5,3,8,0.7027
FF,8,5,3,9,0.6877
FF,8,5,3,10,0.6773
FF,9,5,3,1,0.6838
FF,9,5,3,2,0.6835
FF,9,5,3,3,0.6529
FF,9,5,3,4,0.6433
FF,9,5,3,5,0.7325
FF,9,5,3,6,0.6742
FF,9,5,3,7,0.6483
FF,9,5,3,8,0.6730
FF,9,5,3,9,0.6569
FF,9,5,3,10,0.6715
